id,name,model_id:id,group_id:id,perm_read,perm_write,perm_create,perm_unlink
access_upload_document,upload.document,model_upload_document,base.group_user,1,1,1,1
access_mail_wizard,mail.wizard,model_mail_wizard,base.group_user,1,1,1,1
access_account_deductee_type,account.deductee.type,model_account_deductee_type,base.group_user,1,1,1,1
access_section_tds,section.tds,model_section_tds,base.group_user,1,1,1,1
access_hsn_code,hsn.code,model_hsn_code,base.group_user,1,1,1,1
access_partial_line,partial.line,model_partial_line,base.group_user,1,1,1,1
access_advance_payment_orders,advance.payment.orders,model_advance_payment_orders,base.group_user,1,1,1,1
access_payments_by_term,payments.by.term,model_payments_by_term,base.group_user,1,1,1,1
access_po_payments_term,po_payments_term,model_po_payments_term,base.group_user,1,1,1,1
access_payment_wiz,payment.wiz,model_payment_wiz,base.group_user,1,1,1,1
access_send_checker,send.checker,model_send_checker,base.group_user,1,1,1,1
access_wizard_action_button,wizard.action.button,model_wizard_action_button,base.group_user,1,1,1,1
checker_account_payment,account_payment,account.model_account_payment,gts_account.group_payments_checker,1,1,0,0
checker_account_move,account_move,account.model_account_move,gts_account.group_account_checker,1,1,0,0
checker_account_move_line,account_move_line,account.model_account_move_line,gts_account.group_account_checker,1,1,0,0
checker_account_partial_reconcile,account_partial_reconcile,account.model_account_partial_reconcile,gts_account.group_account_checker,1,1,0,0
checker_account_account,account_account,account.model_account_account,gts_account.group_account_checker,1,1,0,0
